"Date & Time","Date","Speed mph","excessSpeed","trainId","Speed Limit","Local Time","Location"
"2024-08-17T02:38:17.418-04:00[America/New_York]",2024-08-17,40.9484887869627,-9.0515112130373,953502,"Operating Within Limits","21:42 PM","East Palestine, OH"
"2024-08-17T09:37:16.76-04:00[America/New_York]",2024-08-17,43.4052126709511,-6.5947873290489,953902,"Operating Within Limits","04:41 AM","East Palestine, OH"
"2024-08-18T01:16:40.3-04:00[America/New_York]",2024-08-18,53.8000341643255,3.8000341643255,955037,"Minor Violations","20:20 PM","East Palestine, OH"
"2024-08-20T05:51:02.087-04:00[America/New_York]",2024-08-20,60.4850886150606,10.4850886150606,958461,"Severe Violations of Safety Codes","00:55 AM","East Palestine, OH"
"2024-08-20T11:58:50.924-04:00[America/New_York]",2024-08-20,41.9819460391163,-8.0180539608837,958897,"Operating Within Limits","07:02 AM","East Palestine, OH"
"2024-08-20T15:30:54.97-04:00[America/New_York]",2024-08-20,40.7246568030426,-9.2753431969574,959145,"Operating Within Limits","10:34 AM","East Palestine, OH"
"2024-08-22T11:19:09.571-04:00[America/New_York]",2024-08-22,57.639397197486,7.639397197486,962277,"Minor Violations","06:23 AM","East Palestine, OH"
"2024-08-23T06:12:41.058-04:00[America/New_York]",2024-08-23,63.4532098803674,13.4532098803674,963128,"Severe Violations of Safety Codes","01:16 AM","East Palestine, OH"
"2024-08-24T01:30:58.59-04:00[America/New_York]",2024-08-24,56.932549043148,6.932549043148,964110,"Minor Violations","20:34 PM","East Palestine, OH"
"2024-08-24T09:47:13.464-04:00[America/New_York]",2024-08-24,34.5115355262802,-15.4884644737198,964424,"Operating Within Limits","04:51 AM","East Palestine, OH"
"2024-08-24T21:04:52.686-04:00[America/New_York]",2024-08-24,38.4111589216819,-11.5888410783181,964999,"Operating Within Limits","16:08 PM","East Palestine, OH"
"2024-08-26T02:17:07.024-04:00[America/New_York]",2024-08-26,38.7905918304393,-11.2094081695607,966319,"Operating Within Limits","21:21 PM","East Palestine, OH"
"2024-08-26T05:10:02.399-04:00[America/New_York]",2024-08-26,61.0902479892282,11.0902479892282,966525,"Severe Violations of Safety Codes","00:14 AM","East Palestine, OH"
"2024-08-26T08:18:04.625-04:00[America/New_York]",2024-08-26,52.4034449892529,2.4034449892529,966745,"Minor Violations","03:22 AM","East Palestine, OH"
"2024-08-27T01:59:59.975-04:00[America/New_York]",2024-08-27,43.6060243877018,-6.3939756122982,968102,"Operating Within Limits","21:03 PM","East Palestine, OH"
"2024-08-28T05:27:36.078-04:00[America/New_York]",2024-08-28,46.8657477471465,-3.1342522528535,970174,"Operating Within Limits","00:31 AM","East Palestine, OH"
"2024-08-29T16:53:39.054-04:00[America/New_York]",2024-08-29,40.4886196373087,-9.5113803626913,972824,"Operating Within Limits","11:57 AM","East Palestine, OH"
"2024-08-30T01:01:40.918-04:00[America/New_York]",2024-08-30,47.0186019884306,-2.9813980115694,973434,"Operating Within Limits","20:05 PM","East Palestine, OH"
"2024-08-30T06:31:14.805-04:00[America/New_York]",2024-08-30,58.2878105135224,8.2878105135224,973805,"Minor Violations","01:35 AM","East Palestine, OH"
"2024-08-30T09:25:36.242-04:00[America/New_York]",2024-08-30,44.4791674797921,-5.5208325202079,974048,"Operating Within Limits","04:29 AM","East Palestine, OH"
"2024-08-30T09:51:29.23-04:00[America/New_York]",2024-08-30,36.6911815390917,-13.3088184609083,974029,"Operating Within Limits","04:55 AM","East Palestine, OH"
"2024-08-31T01:19:06.157-04:00[America/New_York]",2024-08-31,62.9878314110542,12.9878314110542,975276,"Severe Violations of Safety Codes","20:23 PM","East Palestine, OH"
"2024-08-31T03:22:34.1-04:00[America/New_York]",2024-08-31,49.6613121360956,-0.338687863904397,975361,"Operating Within Limits","22:26 PM","East Palestine, OH"
"2024-08-31T07:44:03.419-04:00[America/New_York]",2024-08-31,55.4322803749781,5.4322803749781,975655,"Minor Violations","02:48 AM","East Palestine, OH"
"2024-08-31T11:31:50.119-04:00[America/New_York]",2024-08-31,36.7035574689964,-13.2964425310036,975879,"Operating Within Limits","06:35 AM","East Palestine, OH"
"2024-08-31T17:44:33.732-04:00[America/New_York]",2024-08-31,47.9698813283117,-2.0301186716883,976191,"Operating Within Limits","12:48 PM","East Palestine, OH"
"2024-09-01T02:36:48.26-04:00[America/New_York]",2024-09-01,42.8328494658679,-7.1671505341321,976754,"Operating Within Limits","21:40 PM","East Palestine, OH"
"2024-09-01T17:23:39.422-04:00[America/New_York]",2024-09-01,46.7722497528157,-3.2277502471843,977601,"Operating Within Limits","12:27 PM","East Palestine, OH"
"2024-09-01T23:59:08.091-04:00[America/New_York]",2024-09-01,50.503130555783,0.503130555783002,978046,"Minor Violations","19:03 PM","East Palestine, OH"
"2024-09-02T05:27:10.834-04:00[America/New_York]",2024-09-02,40.5587984701831,-9.4412015298169,978336,"Operating Within Limits","00:31 AM","East Palestine, OH"
"2024-09-03T10:40:48.214-04:00[America/New_York]",2024-09-03,36.7338701380701,-13.2661298619299,980110,"Operating Within Limits","05:44 AM","East Palestine, OH"
"2024-09-03T10:58:45.307-04:00[America/New_York]",2024-09-03,42.122376690178,-7.877623309822,980228,"Operating Within Limits","06:02 AM","East Palestine, OH"
"2024-09-04T08:33:42.827-04:00[America/New_York]",2024-09-04,45.1995653822355,-4.8004346177645,981792,"Operating Within Limits","03:37 AM","East Palestine, OH"
"2024-09-05T12:14:22.281-04:00[America/New_York]",2024-09-05,45.7055262914148,-4.2944737085852,984057,"Operating Within Limits","07:18 AM","East Palestine, OH"
"2024-09-06T10:45:06.639-04:00[America/New_York]",2024-09-06,39.8159380212665,-10.1840619787335,985769,"Operating Within Limits","05:49 AM","East Palestine, OH"
"2024-09-07T02:19:29.785-04:00[America/New_York]",2024-09-07,41.6352011085713,-8.3647988914287,987010,"Operating Within Limits","21:23 PM","East Palestine, OH"
"2024-09-07T04:11:18.775-04:00[America/New_York]",2024-09-07,57.7038744459742,7.7038744459742,987158,"Minor Violations","23:15 PM","East Palestine, OH"
"2024-09-07T08:06:14.933-04:00[America/New_York]",2024-09-07,55.5094137328608,5.5094137328608,987392,"Minor Violations","03:10 AM","East Palestine, OH"
"2024-09-07T18:57:52.335-04:00[America/New_York]",2024-09-07,50.3787291599229,0.378729159922898,988070,"Minor Violations","14:01 PM","East Palestine, OH"
"2024-09-08T08:37:07.628-04:00[America/New_York]",2024-09-08,37.0145734097957,-12.9854265902043,988891,"Operating Within Limits","03:41 AM","East Palestine, OH"
"2024-09-09T02:36:33.413-04:00[America/New_York]",2024-09-09,25.0727631046211,-24.9272368953789,990001,"Operating Within Limits","21:40 PM","East Palestine, OH"
"2024-09-09T09:56:42.018-04:00[America/New_York]",2024-09-09,56.8783168272554,6.8783168272554,990504,"Minor Violations","05:00 AM","East Palestine, OH"
"2024-09-11T01:01:16.389-04:00[America/New_York]",2024-09-11,54.4412224110682,4.4412224110682,993680,"Minor Violations","20:05 PM","East Palestine, OH"
"2024-09-11T05:07:52.63-04:00[America/New_York]",2024-09-11,50.8507343610374,0.850734361037397,993927,"Minor Violations","00:11 AM","East Palestine, OH"
"2024-09-11T09:52:25.897-04:00[America/New_York]",2024-09-11,35.2536982370548,-14.7463017629452,994182,"Operating Within Limits","04:56 AM","East Palestine, OH"
"2024-09-12T05:39:43.407-04:00[America/New_York]",2024-09-12,68.0920024642781,18.0920024642781,995866,"Severe Violations of Safety Codes","00:43 AM","East Palestine, OH"
"2024-09-12T09:33:07.109-04:00[America/New_York]",2024-09-12,36.291139185842,-13.708860814158,996146,"Operating Within Limits","04:37 AM","East Palestine, OH"
"2024-09-12T10:46:49.126-04:00[America/New_York]",2024-09-12,51.545707416406,1.545707416406,996310,"Minor Violations","05:50 AM","East Palestine, OH"
"2024-09-12T13:17:01.335-04:00[America/New_York]",2024-09-12,46.5232769975261,-3.4767230024739,996527,"Operating Within Limits","08:20 AM","East Palestine, OH"
"2024-09-13T00:00:55.654-04:00[America/New_York]",2024-09-13,59.9066782669223,9.9066782669223,997460,"Minor Violations","19:04 PM","East Palestine, OH"
"2024-09-13T09:41:34.653-04:00[America/New_York]",2024-09-13,40.5388307866497,-9.4611692133503,998112,"Operating Within Limits","04:45 AM","East Palestine, OH"
"2024-09-14T02:16:14.682-04:00[America/New_York]",2024-09-14,52.5255984635519,2.5255984635519,999530,"Minor Violations","21:20 PM","East Palestine, OH"
"2024-09-14T05:02:55.112-04:00[America/New_York]",2024-09-14,43.9776215206703,-6.0223784793297,999672,"Operating Within Limits","00:06 AM","East Palestine, OH"
"2024-09-14T06:06:34.299-04:00[America/New_York]",2024-09-14,54.81492529524,4.81492529524,999757,"Minor Violations","01:10 AM","East Palestine, OH"
"2024-09-15T03:15:06.319-04:00[America/New_York]",2024-09-15,44.4942157520449,-5.5057842479551,1001208,"Operating Within Limits","22:19 PM","East Palestine, OH"
"2024-09-15T11:19:15.69-04:00[America/New_York]",2024-09-15,36.01884344152,-13.98115655848,1001722,"Operating Within Limits","06:23 AM","East Palestine, OH"
"2024-09-15T16:21:16.924-04:00[America/New_York]",2024-09-15,40.3002952296892,-9.6997047703108,1002032,"Operating Within Limits","11:25 AM","East Palestine, OH"
"2024-09-15T23:53:18.995-04:00[America/New_York]",2024-09-15,53.1600248476354,3.1600248476354,1002603,"Minor Violations","18:57 PM","East Palestine, OH"
"2024-09-17T04:42:50.844-04:00[America/New_York]",2024-09-17,61.2752785669307,11.2752785669307,1004671,"Severe Violations of Safety Codes","23:46 PM","East Palestine, OH"
"2024-09-17T07:36:51.015-04:00[America/New_York]",2024-09-17,44.9284668777865,-5.0715331222135,1004836,"Operating Within Limits","02:40 AM","East Palestine, OH"
"2024-09-17T10:47:27.112-04:00[America/New_York]",2024-09-17,33.0158946926724,-16.9841053073276,1005134,"Operating Within Limits","05:51 AM","East Palestine, OH"
"2024-09-19T08:36:39.867-04:00[America/New_York]",2024-09-19,48.0092289952245,-1.9907710047755,1008636,"Operating Within Limits","03:40 AM","East Palestine, OH"
"2024-09-19T09:09:55.471-04:00[America/New_York]",2024-09-19,34.7559132416273,-15.2440867583727,1008633,"Operating Within Limits","04:13 AM","East Palestine, OH"
"2024-09-20T09:04:19.665-04:00[America/New_York]",2024-09-20,38.8448979546624,-11.1551020453376,1010509,"Operating Within Limits","04:08 AM","East Palestine, OH"
"2024-09-21T08:18:12.205-04:00[America/New_York]",2024-09-21,52.0555138161063,2.0555138161063,1012348,"Minor Violations","03:22 AM","East Palestine, OH"
"2024-09-21T11:14:07.854-04:00[America/New_York]",2024-09-21,27.0536195566288,-22.9463804433712,1012475,"Operating Within Limits","06:18 AM","East Palestine, OH"
"2024-09-22T05:03:37.056-04:00[America/New_York]",2024-09-22,37.554043070302,-12.445956929698,1013634,"Operating Within Limits","00:07 AM","East Palestine, OH"
"2024-09-22T07:44:12.577-04:00[America/New_York]",2024-09-22,59.509572844513,9.509572844513,1013792,"Minor Violations","02:48 AM","East Palestine, OH"
"2024-09-22T17:07:42.687-04:00[America/New_York]",2024-09-22,42.8720337135168,-7.1279662864832,1014311,"Operating Within Limits","12:11 PM","East Palestine, OH"
"2024-09-23T06:17:43.002-04:00[America/New_York]",2024-09-23,51.5100895659615,1.5100895659615,1015166,"Minor Violations","01:21 AM","East Palestine, OH"
"2024-09-23T10:16:20.823-04:00[America/New_York]",2024-09-23,35.4621334499683,-14.5378665500317,1015411,"Operating Within Limits","05:20 AM","East Palestine, OH"
"2024-09-23T11:41:03.937-04:00[America/New_York]",2024-09-23,49.918138337498,-0.0818616625019999,1015513,"Operating Within Limits","06:45 AM","East Palestine, OH"
"2024-09-24T02:52:55.755-04:00[America/New_York]",2024-09-24,16.7805024703444,-33.2194975296556,1016683,"Operating Within Limits","21:56 PM","East Palestine, OH"
"2024-09-24T04:40:11.066-04:00[America/New_York]",2024-09-24,45.841738488203,-4.158261511797,1016839,"Operating Within Limits","23:44 PM","East Palestine, OH"
"2024-09-24T09:14:51.795-04:00[America/New_York]",2024-09-24,37.0982201468257,-12.9017798531743,1017125,"Operating Within Limits","04:18 AM","East Palestine, OH"
"2024-09-24T21:07:39.822-04:00[America/New_York]",2024-09-24,66.8237873279094,16.8237873279094,1018139,"Severe Violations of Safety Codes","16:11 PM","East Palestine, OH"
"2024-09-25T11:05:54.529-04:00[America/New_York]",2024-09-25,48.7133615743902,-1.2866384256098,1019796,"Operating Within Limits","06:09 AM","East Palestine, OH"
"2024-09-27T14:39:46.851-04:00[America/New_York]",2024-09-27,41.888996583005,-8.111003416995,1026870,"Operating Within Limits","09:43 AM","East Palestine, OH"
"2024-09-27T18:26:24.758-04:00[America/New_York]",2024-09-27,55.1711926549503,5.1711926549503,1027237,"Minor Violations","13:30 PM","East Palestine, OH"
"2024-09-28T20:34:14.501-04:00[America/New_York]",2024-09-28,45.655429558695,-4.344570441305,1029010,"Operating Within Limits","15:38 PM","East Palestine, OH"
"2024-09-29T07:00:35.741-04:00[America/New_York]",2024-09-29,45.5961162311043,-4.4038837688957,1029695,"Operating Within Limits","02:04 AM","East Palestine, OH"
"2024-09-29T12:21:30.471-04:00[America/New_York]",2024-09-29,43.4343157457022,-6.5656842542978,1030029,"Operating Within Limits","07:25 AM","East Palestine, OH"
"2024-10-01T01:26:43.235-04:00[America/New_York]",2024-10-01,45.7121830801634,-4.2878169198366,1032527,"Operating Within Limits","20:30 PM","East Palestine, OH"
"2024-10-01T15:19:57.758-04:00[America/New_York]",2024-10-01,46.2409389954886,-3.7590610045114,1033509,"Operating Within Limits","10:23 AM","East Palestine, OH"
"2024-10-02T07:10:07.79-04:00[America/New_York]",2024-10-02,41.9526411305599,-8.0473588694401,1034718,"Operating Within Limits","02:14 AM","East Palestine, OH"
"2024-10-03T05:18:04.651-04:00[America/New_York]",2024-10-03,9.79546321677499,-40.204536783225,1036536,"Operating Within Limits","00:22 AM","East Palestine, OH"
"2024-10-03T11:49:17.767-04:00[America/New_York]",2024-10-03,48.2983616783571,-1.7016383216429,1037122,"Operating Within Limits","06:53 AM","East Palestine, OH"
"2024-10-04T07:06:50.561-04:00[America/New_York]",2024-10-04,59.286808721886,9.286808721886,1038615,"Minor Violations","02:10 AM","East Palestine, OH"
"2024-10-04T19:51:42.366-04:00[America/New_York]",2024-10-04,42.0295621914055,-7.9704378085945,1039735,"Operating Within Limits","14:55 PM","East Palestine, OH"
"2024-10-05T09:25:52.123-04:00[America/New_York]",2024-10-05,37.8827547313183,-12.1172452686817,1040715,"Operating Within Limits","04:29 AM","East Palestine, OH"
"2024-10-06T03:39:42.374-04:00[America/New_York]",2024-10-06,59.8165588821491,9.8165588821491,1041991,"Minor Violations","22:43 PM","East Palestine, OH"
"2024-10-06T05:20:03.295-04:00[America/New_York]",2024-10-06,44.6846458273535,-5.3153541726465,1042026,"Operating Within Limits","00:24 AM","East Palestine, OH"
"2024-10-06T20:35:28.55-04:00[America/New_York]",2024-10-06,41.690054314013,-8.309945685987,1043017,"Operating Within Limits","15:39 PM","East Palestine, OH"
"2024-10-07T10:04:26.055-04:00[America/New_York]",2024-10-07,44.4328003939802,-5.5671996060198,1044019,"Operating Within Limits","05:08 AM","East Palestine, OH"
"2024-10-07T10:55:22.262-04:00[America/New_York]",2024-10-07,34.6777003709264,-15.3222996290736,1044054,"Operating Within Limits","05:59 AM","East Palestine, OH"
"2024-10-08T01:26:07.923-04:00[America/New_York]",2024-10-08,42.7831387837354,-7.2168612162646,1045205,"Operating Within Limits","20:30 PM","East Palestine, OH"
"2024-10-08T09:28:37.58-04:00[America/New_York]",2024-10-08,42.5849213929342,-7.4150786070658,1045777,"Operating Within Limits","04:32 AM","East Palestine, OH"
"2024-10-08T14:43:09.447-04:00[America/New_York]",2024-10-08,43.4650788036675,-6.5349211963325,1046193,"Operating Within Limits","09:47 AM","East Palestine, OH"
"2024-10-10T21:36:32.332-04:00[America/New_York]",2024-10-10,42.6975165273967,-7.3024834726033,1050713,"Operating Within Limits","16:40 PM","East Palestine, OH"
"2024-10-11T02:42:58.268-04:00[America/New_York]",2024-10-11,41.0774951724407,-8.9225048275593,1051123,"Operating Within Limits","21:46 PM","East Palestine, OH"
"2024-10-11T08:45:08.498-04:00[America/New_York]",2024-10-11,37.8449950212599,-12.1550049787401,1051474,"Operating Within Limits","03:49 AM","East Palestine, OH"
"2024-10-11T14:14:14.758-04:00[America/New_York]",2024-10-11,59.2492738662287,9.2492738662287,1052051,"Minor Violations","09:18 AM","East Palestine, OH"
"2024-10-12T04:52:06.235-04:00[America/New_York]",2024-10-12,66.1001484569668,16.1001484569668,1053200,"Severe Violations of Safety Codes","23:56 PM","East Palestine, OH"
"2024-10-12T13:07:46.283-04:00[America/New_York]",2024-10-12,47.293524792331,-2.706475207669,1053701,"Operating Within Limits","08:11 AM","East Palestine, OH"
"2024-10-13T05:18:13.137-04:00[America/New_York]",2024-10-13,39.7152958528256,-10.2847041471744,1054771,"Operating Within Limits","00:22 AM","East Palestine, OH"
"2024-10-14T10:05:14.514-04:00[America/New_York]",2024-10-14,61.8772678140203,11.8772678140203,1056741,"Severe Violations of Safety Codes","05:09 AM","East Palestine, OH"
"2024-10-15T02:52:45.362-04:00[America/New_York]",2024-10-15,15.2692650186274,-34.7307349813726,1058023,"Operating Within Limits","21:56 PM","East Palestine, OH"
"2024-10-15T06:15:22.44-04:00[America/New_York]",2024-10-15,45.5327548937243,-4.4672451062757,1058254,"Operating Within Limits","01:19 AM","East Palestine, OH"
"2024-10-15T08:16:03.492-04:00[America/New_York]",2024-10-15,58.0475509607625,8.0475509607625,1058456,"Minor Violations","03:20 AM","East Palestine, OH"
"2024-10-15T08:38:43.257-04:00[America/New_York]",2024-10-15,33.8854183743842,-16.1145816256158,1058439,"Operating Within Limits","03:42 AM","East Palestine, OH"
"2024-10-16T04:41:38.825-04:00[America/New_York]",2024-10-16,57.0633197869331,7.0633197869331,1060090,"Minor Violations","23:45 PM","East Palestine, OH"
"2024-10-17T06:04:09.373-04:00[America/New_York]",2024-10-17,50.4180429958009,0.418042995800903,1062169,"Minor Violations","01:08 AM","East Palestine, OH"
"2024-10-17T17:19:32.532-04:00[America/New_York]",2024-10-17,39.758408781518,-10.241591218482,1063109,"Operating Within Limits","12:23 PM","East Palestine, OH"
"2024-10-18T00:28:33.679-04:00[America/New_York]",2024-10-18,36.8769217027146,-13.1230782972854,1063341,"Operating Within Limits","19:32 PM","East Palestine, OH"
"2024-10-18T07:18:15.412-04:00[America/New_York]",2024-10-18,51.7278010551156,1.7278010551156,1064254,"Minor Violations","02:22 AM","East Palestine, OH"
"2024-10-18T09:32:10.476-04:00[America/New_York]",2024-10-18,34.5635307968338,-15.4364692031662,1064391,"Operating Within Limits","04:36 AM","East Palestine, OH"
"2024-10-19T01:00:06.279-04:00[America/New_York]",2024-10-19,60.4233119518164,10.4233119518164,1065767,"Severe Violations of Safety Codes","20:04 PM","East Palestine, OH"
"2024-10-20T02:06:16.178-04:00[America/New_York]",2024-10-20,47.6326427736352,-2.3673572263648,1067318,"Operating Within Limits","21:10 PM","East Palestine, OH"
"2024-10-20T10:07:10.28-04:00[America/New_York]",2024-10-20,59.7587426950945,9.7587426950945,1067770,"Minor Violations","05:11 AM","East Palestine, OH"
"2024-10-20T13:41:39.907-04:00[America/New_York]",2024-10-20,36.4381688326726,-13.5618311673274,1067955,"Operating Within Limits","08:45 AM","East Palestine, OH"
"2024-10-21T05:10:40.315-04:00[America/New_York]",2024-10-21,45.1202607069634,-4.8797392930366,1068998,"Operating Within Limits","00:14 AM","East Palestine, OH"
"2024-10-21T14:57:14.4-04:00[America/New_York]",2024-10-21,50.9442948732826,0.944294873282601,1069687,"Minor Violations","10:01 AM","East Palestine, OH"
"2024-10-22T09:31:20.712-04:00[America/New_York]",2024-10-22,32.87454725073,-17.12545274927,1071046,"Operating Within Limits","04:35 AM","East Palestine, OH"
"2024-10-23T07:32:05.505-04:00[America/New_York]",2024-10-23,58.0603430508647,8.0603430508647,1072822,"Minor Violations","02:36 AM","East Palestine, OH"
"2024-10-25T09:29:59.367-04:00[America/New_York]",2024-10-25,29.4734140957864,-20.5265859042136,1076793,"Operating Within Limits","04:33 AM","East Palestine, OH"
"2024-10-26T04:25:43.731-04:00[America/New_York]",2024-10-26,62.3913455561772,12.3913455561772,1078338,"Severe Violations of Safety Codes","23:29 PM","East Palestine, OH"
"2024-10-26T10:21:15.194-04:00[America/New_York]",2024-10-26,52.0257885890915,2.0257885890915,1078690,"Minor Violations","05:25 AM","East Palestine, OH"
"2024-10-27T02:47:41.415-04:00[America/New_York]",2024-10-27,12.4774340136776,-37.5225659863224,1079810,"Operating Within Limits","21:51 PM","East Palestine, OH"
"2024-10-27T09:39:18.112-04:00[America/New_York]",2024-10-27,37.9997552379153,-12.0002447620847,1080142,"Operating Within Limits","04:43 AM","East Palestine, OH"
"2024-10-28T03:53:33.403-04:00[America/New_York]",2024-10-28,39.5164298794437,-10.4835701205563,1081448,"Operating Within Limits","22:57 PM","East Palestine, OH"
"2024-10-28T10:30:16.798-04:00[America/New_York]",2024-10-28,49.4622190373783,-0.537780962621703,1081981,"Operating Within Limits","05:34 AM","East Palestine, OH"
"2024-10-28T11:20:25.111-04:00[America/New_York]",2024-10-28,41.8563234483114,-8.1436765516886,1082000,"Operating Within Limits","06:24 AM","East Palestine, OH"
"2024-10-28T15:07:14.853-04:00[America/New_York]",2024-10-28,51.7892954977145,1.7892954977145,1082344,"Minor Violations","10:11 AM","East Palestine, OH"
"2024-10-29T02:29:12.209-04:00[America/New_York]",2024-10-29,50.1110007081112,0.111000708111199,1083378,"Minor Violations","21:33 PM","East Palestine, OH"
"2024-10-29T04:37:46.47-04:00[America/New_York]",2024-10-29,57.3623825347004,7.3623825347004,1083532,"Minor Violations","23:41 PM","East Palestine, OH"
"2024-10-29T07:39:07.94-04:00[America/New_York]",2024-10-29,52.8054047852724,2.8054047852724,1083657,"Minor Violations","02:43 AM","East Palestine, OH"
"2024-10-29T11:10:55.68-04:00[America/New_York]",2024-10-29,38.797528919228,-11.202471080772,1084020,"Operating Within Limits","06:14 AM","East Palestine, OH"
"2024-10-29T19:37:00.327-04:00[America/New_York]",2024-10-29,31.8133208179683,-18.1866791820317,1084758,"Operating Within Limits","14:40 PM","East Palestine, OH"
"2024-10-30T07:38:41.944-04:00[America/New_York]",2024-10-30,54.3938176003759,4.3938176003759,1085685,"Minor Violations","02:42 AM","East Palestine, OH"
"2024-10-31T09:26:04.547-04:00[America/New_York]",2024-10-31,37.3099975763268,-12.6900024236732,1088033,"Operating Within Limits","04:30 AM","East Palestine, OH"
"2024-10-31T21:01:30.42-04:00[America/New_York]",2024-10-31,64.9444129979437,14.9444129979437,1089171,"Severe Violations of Safety Codes","16:05 PM","East Palestine, OH"
"2024-11-01T18:21:44.885-04:00[America/New_York]",2024-11-01,42.7619155757116,-7.2380844242884,1090814,"Operating Within Limits","13:25 PM","East Palestine, OH"
"2024-11-02T03:55:58.492-04:00[America/New_York]",2024-11-02,41.6025955796141,-8.3974044203859,1091568,"Operating Within Limits","22:59 PM","East Palestine, OH"
"2024-11-02T09:07:06.446-04:00[America/New_York]",2024-11-02,51.9598079532276,1.9598079532276,1091914,"Minor Violations","04:11 AM","East Palestine, OH"
"2024-11-02T09:10:47.658-04:00[America/New_York]",2024-11-02,39.6343500576972,-10.3656499423028,1091886,"Operating Within Limits","04:14 AM","East Palestine, OH"
"2024-11-03T05:29:48.655-05:00[America/New_York]",2024-11-03,48.7838229034011,-1.2161770965989,1093290,"Operating Within Limits","00:33 AM","East Palestine, OH"
"2024-11-04T03:44:45.1-05:00[America/New_York]",2024-11-04,38.0928685599597,-11.9071314400403,1094816,"Operating Within Limits","22:48 PM","East Palestine, OH"
"2024-11-04T09:24:25.492-05:00[America/New_York]",2024-11-04,35.0767605599885,-14.9232394400115,1095182,"Operating Within Limits","04:28 AM","East Palestine, OH"
"2024-11-04T14:45:49.124-05:00[America/New_York]",2024-11-04,53.4799483047165,3.4799483047165,1095608,"Minor Violations","09:49 AM","East Palestine, OH"
"2024-11-05T09:15:52.428-05:00[America/New_York]",2024-11-05,59.9276786243843,9.9276786243843,1096990,"Minor Violations","04:19 AM","East Palestine, OH"
"2024-11-05T23:58:58.508-05:00[America/New_York]",2024-11-05,56.673700513948,6.673700513948,1098160,"Minor Violations","19:02 PM","East Palestine, OH"
"2024-11-07T06:30:11.248-05:00[America/New_York]",2024-11-07,44.3071519174807,-5.6928480825193,1100571,"Operating Within Limits","01:34 AM","East Palestine, OH"
"2024-11-08T04:41:17.272-05:00[America/New_York]",2024-11-08,51.0419999410881,1.0419999410881,1102392,"Minor Violations","23:45 PM","East Palestine, OH"
"2024-11-09T05:36:59.875-05:00[America/New_York]",2024-11-09,44.9398404478887,-5.0601595521113,1104262,"Operating Within Limits","00:40 AM","East Palestine, OH"
"2024-11-09T10:22:48.469-05:00[America/New_York]",2024-11-09,40.004737004084,-9.995262995916,1104527,"Operating Within Limits","05:26 AM","East Palestine, OH"
"2024-11-09T18:46:21.156-05:00[America/New_York]",2024-11-09,51.3704307233717,1.3704307233717,1105133,"Minor Violations","13:50 PM","East Palestine, OH"
"2024-11-10T02:44:56.918-05:00[America/New_York]",2024-11-10,37.6568682103508,-12.3431317896492,1105650,"Operating Within Limits","21:48 PM","East Palestine, OH"
"2024-11-10T19:37:11.109-05:00[America/New_York]",2024-11-10,47.0203919799476,-2.9796080200524,1106575,"Operating Within Limits","14:41 PM","East Palestine, OH"
"2024-11-11T02:03:59.384-05:00[America/New_York]",2024-11-11,39.4858713344686,-10.5141286655314,1107171,"Operating Within Limits","21:07 PM","East Palestine, OH"
"2024-11-11T10:08:23.621-05:00[America/New_York]",2024-11-11,42.9600230360545,-7.0399769639455,1107668,"Operating Within Limits","05:12 AM","East Palestine, OH"
"2024-11-11T20:32:22.841-05:00[America/New_York]",2024-11-11,43.2031363040873,-6.7968636959127,1108503,"Operating Within Limits","15:36 PM","East Palestine, OH"
"2024-11-12T00:34:12.91-05:00[America/New_York]",2024-11-12,60.603175975028,10.603175975028,1108783,"Severe Violations of Safety Codes","19:38 PM","East Palestine, OH"
"2024-11-12T02:03:39.169-05:00[America/New_York]",2024-11-12,47.5265907113407,-2.4734092886593,1108848,"Operating Within Limits","21:07 PM","East Palestine, OH"
"2024-11-12T06:38:01.874-05:00[America/New_York]",2024-11-12,61.0112776397768,11.0112776397768,1109130,"Severe Violations of Safety Codes","01:41 AM","East Palestine, OH"
"2024-11-12T08:44:33.141-05:00[America/New_York]",2024-11-12,45.2092626254653,-4.7907373745347,1109246,"Operating Within Limits","03:48 AM","East Palestine, OH"
"2024-11-13T08:11:03.702-05:00[America/New_York]",2024-11-13,59.9864224171472,9.9864224171472,1111020,"Minor Violations","03:15 AM","East Palestine, OH"
"2024-11-13T10:35:43.647-05:00[America/New_York]",2024-11-13,52.3609528528192,2.3609528528192,1111205,"Minor Violations","05:39 AM","East Palestine, OH"
"2024-11-14T09:05:18.432-05:00[America/New_York]",2024-11-14,48.843033242028,-1.156966757972,1112986,"Operating Within Limits","04:09 AM","East Palestine, OH"
"2024-11-15T09:19:10.389-05:00[America/New_York]",2024-11-15,37.2526568572669,-12.7473431427331,1114824,"Operating Within Limits","04:23 AM","East Palestine, OH"
"2024-11-15T20:28:13.705-05:00[America/New_York]",2024-11-15,41.5333452013858,-8.4666547986142,1115886,"Operating Within Limits","15:32 PM","East Palestine, OH"
"2024-11-16T00:44:54.208-05:00[America/New_York]",2024-11-16,46.3503536981611,-3.6496463018389,1116216,"Operating Within Limits","19:48 PM","East Palestine, OH"
"2024-11-16T07:19:12.037-05:00[America/New_York]",2024-11-16,58.4394263329735,8.4394263329735,1116684,"Minor Violations","02:23 AM","East Palestine, OH"
"2024-11-16T10:16:33.209-05:00[America/New_York]",2024-11-16,19.6707264807798,-30.3292735192202,1116867,"Operating Within Limits","05:20 AM","East Palestine, OH"
"2024-11-16T21:41:13.329-05:00[America/New_York]",2024-11-16,47.883451073019,-2.116548926981,1117739,"Operating Within Limits","16:45 PM","East Palestine, OH"
"2024-11-17T01:27:32.534-05:00[America/New_York]",2024-11-17,48.2882422383865,-1.7117577616135,1118012,"Operating Within Limits","20:31 PM","East Palestine, OH"
"2024-11-17T02:19:44.786-05:00[America/New_York]",2024-11-17,65.4000499411015,15.4000499411015,1118114,"Severe Violations of Safety Codes","21:23 PM","East Palestine, OH"
"2024-11-17T08:06:34.8-05:00[America/New_York]",2024-11-17,40.4442756551627,-9.5557243448373,1118396,"Operating Within Limits","03:10 AM","East Palestine, OH"
"2024-11-18T02:51:13.018-05:00[America/New_York]",2024-11-18,43.6570049876725,-6.3429950123275,1119750,"Operating Within Limits","21:55 PM","East Palestine, OH"
"2024-11-18T03:20:15.727-05:00[America/New_York]",2024-11-18,44.543935001632,-5.456064998368,1119791,"Operating Within Limits","22:24 PM","East Palestine, OH"
"2024-11-19T03:23:29.896-05:00[America/New_York]",2024-11-19,43.1918429776428,-6.8081570223572,1121602,"Operating Within Limits","22:27 PM","East Palestine, OH"
"2024-11-19T08:41:37.871-05:00[America/New_York]",2024-11-19,36.9084237276844,-13.0915762723156,1121930,"Operating Within Limits","03:45 AM","East Palestine, OH"
"2024-11-19T13:04:10.828-05:00[America/New_York]",2024-11-19,54.0695803386657,4.0695803386657,1122316,"Minor Violations","08:08 AM","East Palestine, OH"
"2024-11-20T05:51:21.241-05:00[America/New_York]",2024-11-20,75.2651491871765,25.2651491871765,1123805,"Severe Violations of Safety Codes","00:55 AM","East Palestine, OH"
"2024-11-21T13:02:44.053-05:00[America/New_York]",2024-11-21,32.607701467994,-17.392298532006,1126218,"Operating Within Limits","08:06 AM","East Palestine, OH"
"2024-11-21T15:51:37.748-05:00[America/New_York]",2024-11-21,40.1620303503476,-9.8379696496524,1126389,"Operating Within Limits","10:55 AM","East Palestine, OH"
"2024-11-22T03:31:18.066-05:00[America/New_York]",2024-11-22,39.6986514398378,-10.3013485601622,1127362,"Operating Within Limits","22:35 PM","East Palestine, OH"
"2024-11-22T12:48:14.815-05:00[America/New_York]",2024-11-22,52.217119210327,2.217119210327,1128047,"Minor Violations","07:52 AM","East Palestine, OH"
"2024-11-22T15:30:46.324-05:00[America/New_York]",2024-11-22,43.9526049403785,-6.0473950596215,1128319,"Operating Within Limits","10:34 AM","East Palestine, OH"
"2024-11-22T15:56:43.535-05:00[America/New_York]",2024-11-22,46.4532627334628,-3.5467372665372,1128369,"Operating Within Limits","11:00 AM","East Palestine, OH"
"2024-11-22T23:49:40.289-05:00[America/New_York]",2024-11-22,55.963875623216,5.963875623216,1129481,"Minor Violations","18:53 PM","East Palestine, OH"
"2024-11-23T06:21:47.158-05:00[America/New_York]",2024-11-23,64.2793208825476,14.2793208825476,1129918,"Severe Violations of Safety Codes","01:25 AM","East Palestine, OH"
"2024-11-23T08:18:23.292-05:00[America/New_York]",2024-11-23,58.3017958638699,8.3017958638699,1130038,"Minor Violations","03:22 AM","East Palestine, OH"
"2024-11-23T14:54:48.293-05:00[America/New_York]",2024-11-23,37.0007644445105,-12.9992355554895,1130533,"Operating Within Limits","09:58 AM","East Palestine, OH"
"2024-11-24T00:32:05.018-05:00[America/New_York]",2024-11-24,22.8253943993092,-27.1746056006908,1131284,"Operating Within Limits","19:36 PM","East Palestine, OH"
"2024-11-24T09:40:41.606-05:00[America/New_York]",2024-11-24,37.8782805762357,-12.1217194237643,1131877,"Operating Within Limits","04:44 AM","East Palestine, OH"
"2024-11-24T11:13:35.824-05:00[America/New_York]",2024-11-24,54.4986092995451,4.4986092995451,1131992,"Minor Violations","06:17 AM","East Palestine, OH"
"2024-11-24T14:06:08.638-05:00[America/New_York]",2024-11-24,47.7327653087086,-2.2672346912914,1132178,"Operating Within Limits","09:10 AM","East Palestine, OH"
"2024-11-24T17:24:56.281-05:00[America/New_York]",2024-11-24,62.4655929280334,12.4655929280334,1132496,"Severe Violations of Safety Codes","12:28 PM","East Palestine, OH"
"2024-11-25T10:57:21.316-05:00[America/New_York]",2024-11-25,38.564817395428,-11.435182604572,1133814,"Operating Within Limits","06:01 AM","East Palestine, OH"
"2024-11-25T15:21:17.189-05:00[America/New_York]",2024-11-25,50.1577346151705,0.157734615170497,1134320,"Minor Violations","10:25 AM","East Palestine, OH"
"2024-11-26T00:19:20.045-05:00[America/New_York]",2024-11-26,33.0574450185894,-16.9425549814106,1135185,"Operating Within Limits","19:23 PM","East Palestine, OH"
"2024-11-26T03:33:50.257-05:00[America/New_York]",2024-11-26,45.4665889363204,-4.5334110636796,1135420,"Operating Within Limits","22:37 PM","East Palestine, OH"
"2024-11-26T09:27:38.406-05:00[America/New_York]",2024-11-26,54.7243693152897,4.7243693152897,1135934,"Minor Violations","04:31 AM","East Palestine, OH"
"2024-11-26T09:48:25.412-05:00[America/New_York]",2024-11-26,46.4844520792283,-3.5155479207717,1135927,"Operating Within Limits","04:52 AM","East Palestine, OH"
"2024-11-26T11:37:16.194-05:00[America/New_York]",2024-11-26,54.1092167023362,4.1092167023362,1136092,"Minor Violations","06:41 AM","East Palestine, OH"
"2024-11-26T11:43:42.715-05:00[America/New_York]",2024-11-26,63.7999460979867,13.7999460979867,1136135,"Severe Violations of Safety Codes","06:47 AM","East Palestine, OH"
"2024-11-27T10:42:26.672-05:00[America/New_York]",2024-11-27,69.1184554050137,19.1184554050137,1138132,"Severe Violations of Safety Codes","05:46 AM","East Palestine, OH"
"2024-11-27T14:12:06.645-05:00[America/New_York]",2024-11-27,49.4651898491085,-0.534810150891502,1138426,"Operating Within Limits","09:16 AM","East Palestine, OH"
"2024-11-28T07:08:45.949-05:00[America/New_York]",2024-11-28,61.3368757786268,11.3368757786268,1139928,"Severe Violations of Safety Codes","02:12 AM","East Palestine, OH"
"2024-11-28T09:18:12.05-05:00[America/New_York]",2024-11-28,11.079932339018,-38.920067660982,1140072,"Operating Within Limits","04:22 AM","East Palestine, OH"
"2024-11-28T15:19:50.807-05:00[America/New_York]",2024-11-28,45.6264578155895,-4.3735421844105,1140597,"Operating Within Limits","10:23 AM","East Palestine, OH"
"2024-11-29T11:35:12.141-05:00[America/New_York]",2024-11-29,43.5612162425271,-6.4387837574729,1142246,"Operating Within Limits","06:39 AM","East Palestine, OH"
"2024-11-29T18:54:27.629-05:00[America/New_York]",2024-11-29,51.1364275994552,1.1364275994552,1142894,"Minor Violations","13:58 PM","East Palestine, OH"
"2024-11-30T01:46:45.76-05:00[America/New_York]",2024-11-30,47.1661877130318,-2.8338122869682,1143408,"Operating Within Limits","20:50 PM","East Palestine, OH"
"2024-11-30T09:41:28.554-05:00[America/New_York]",2024-11-30,38.4201895803761,-11.5798104196239,1143854,"Operating Within Limits","04:45 AM","East Palestine, OH"
"2024-11-30T17:22:05.028-05:00[America/New_York]",2024-11-30,44.9148365814534,-5.0851634185466,1144404,"Operating Within Limits","12:26 PM","East Palestine, OH"
"2024-12-01T00:52:04.284-05:00[America/New_York]",2024-12-01,64.7652877003432,14.7652877003432,1144946,"Severe Violations of Safety Codes","19:56 PM","East Palestine, OH"
"2024-12-01T13:31:59.042-05:00[America/New_York]",2024-12-01,43.9910357150526,-6.0089642849474,1145677,"Operating Within Limits","08:35 AM","East Palestine, OH"
"2024-12-01T17:40:27.86-05:00[America/New_York]",2024-12-01,67.9464817616484,17.9464817616484,1146005,"Severe Violations of Safety Codes","12:44 PM","East Palestine, OH"
"2024-12-02T08:06:31.93-05:00[America/New_York]",2024-12-02,51.4582508142032,1.4582508142032,1147013,"Minor Violations","03:10 AM","East Palestine, OH"
"2024-12-02T11:51:02.237-05:00[America/New_York]",2024-12-02,54.5406029524386,4.5406029524386,1147192,"Minor Violations","06:55 AM","East Palestine, OH"
"2024-12-02T13:28:24.308-05:00[America/New_York]",2024-12-02,45.5422124194398,-4.4577875805602,1147459,"Operating Within Limits","08:32 AM","East Palestine, OH"
"2024-12-04T10:39:22.971-05:00[America/New_York]",2024-12-04,60.8624775161276,10.8624775161276,1151482,"Severe Violations of Safety Codes","05:43 AM","East Palestine, OH"
"2024-12-05T09:09:56.399-05:00[America/New_York]",2024-12-05,23.0733645224507,-26.9266354775493,1153468,"Operating Within Limits","04:13 AM","East Palestine, OH"
"2024-12-05T10:25:12.37-05:00[America/New_York]",2024-12-05,39.2952169385954,-10.7047830614046,1153582,"Operating Within Limits","05:29 AM","East Palestine, OH"
"2024-12-05T14:42:23.307-05:00[America/New_York]",2024-12-05,38.1440012109334,-11.8559987890666,1153951,"Operating Within Limits","09:46 AM","East Palestine, OH"
"2024-12-06T09:00:08.636-05:00[America/New_York]",2024-12-06,45.9590575357927,-4.0409424642073,1155594,"Operating Within Limits","04:04 AM","East Palestine, OH"
"2024-12-06T12:00:04.148-05:00[America/New_York]",2024-12-06,60.570953852015,10.570953852015,1155926,"Severe Violations of Safety Codes","07:04 AM","East Palestine, OH"
"2024-12-07T02:07:53.844-05:00[America/New_York]",2024-12-07,36.9468386922461,-13.0531613077539,1157188,"Operating Within Limits","21:11 PM","East Palestine, OH"
"2024-12-07T03:14:55.58-05:00[America/New_York]",2024-12-07,56.3465774643912,6.3465774643912,1157309,"Minor Violations","22:18 PM","East Palestine, OH"
"2024-12-08T01:11:58.08-05:00[America/New_York]",2024-12-08,39.3890511708367,-10.6109488291633,1158877,"Operating Within Limits","20:15 PM","East Palestine, OH"
"2024-12-08T06:18:53.589-05:00[America/New_York]",2024-12-08,50.5221749379213,0.522174937921299,1159181,"Minor Violations","01:22 AM","East Palestine, OH"
"2024-12-08T09:20:06.407-05:00[America/New_York]",2024-12-08,37.6730005792669,-12.3269994207331,1159361,"Operating Within Limits","04:24 AM","East Palestine, OH"
"2024-12-08T15:45:45.99-05:00[America/New_York]",2024-12-08,37.6937285065343,-12.3062714934657,1159815,"Operating Within Limits","10:49 AM","East Palestine, OH"
"2024-12-09T04:38:37.102-05:00[America/New_York]",2024-12-09,39.6466275790014,-10.3533724209986,1160702,"Operating Within Limits","23:42 PM","East Palestine, OH"
"2024-12-09T09:43:22.643-05:00[America/New_York]",2024-12-09,40.8395017055791,-9.1604982944209,1161176,"Operating Within Limits","04:47 AM","East Palestine, OH"
"2024-12-09T18:11:11.565-05:00[America/New_York]",2024-12-09,38.9097526838911,-11.0902473161089,1161910,"Operating Within Limits","13:15 PM","East Palestine, OH"
"2024-12-10T03:04:24.814-05:00[America/New_York]",2024-12-10,14.9610419092947,-35.0389580907053,1162638,"Operating Within Limits","22:08 PM","East Palestine, OH"
"2024-12-10T08:31:45.641-05:00[America/New_York]",2024-12-10,42.6284526936722,-7.3715473063278,1163028,"Operating Within Limits","03:35 AM","East Palestine, OH"
"2024-12-11T16:23:52.212-05:00[America/New_York]",2024-12-11,55.707579389363,5.707579389363,1165636,"Minor Violations","11:27 AM","East Palestine, OH"
"2024-12-13T07:18:23.049-05:00[America/New_York]",2024-12-13,56.3060621528543,6.3060621528543,1169208,"Minor Violations","02:22 AM","East Palestine, OH"
"2024-12-13T19:26:17.054-05:00[America/New_York]",2024-12-13,44.9783043564301,-5.0216956435699,1170365,"Operating Within Limits","14:30 PM","East Palestine, OH"
"2024-12-14T01:37:07.017-05:00[America/New_York]",2024-12-14,50.4736195990894,0.473619599089403,1170898,"Minor Violations","20:41 PM","East Palestine, OH"
"2024-12-14T07:14:20-05:00[America/New_York]",2024-12-14,38.8816627469526,-11.1183372530474,1171259,"Operating Within Limits",NA,"East Palestine, OH"
"2024-12-14T14:51:17.706-05:00[America/New_York]",2024-12-14,19.0501429983595,-30.9498570016405,1171883,"Operating Within Limits","09:55 AM","East Palestine, OH"
"2024-12-14T17:32:50.198-05:00[America/New_York]",2024-12-14,54.9967089741736,4.9967089741736,1172341,"Minor Violations","12:36 PM","East Palestine, OH"
"2024-12-14T19:26:41.168-05:00[America/New_York]",2024-12-14,41.9945858934263,-8.0054141065737,1172576,"Operating Within Limits","14:30 PM","East Palestine, OH"
"2024-12-14T22:03:02.617-05:00[America/New_York]",2024-12-14,57.4728809121101,7.4728809121101,1172943,"Minor Violations","17:07 PM","East Palestine, OH"
"2024-12-15T01:35:52.826-05:00[America/New_York]",2024-12-15,43.9209808346329,-6.0790191653671,1173225,"Operating Within Limits","20:39 PM","East Palestine, OH"
"2024-12-15T07:52:04.595-05:00[America/New_York]",2024-12-15,44.9131317915227,-5.0868682084773,1173594,"Operating Within Limits","02:56 AM","East Palestine, OH"
"2024-12-15T08:10:54.499-05:00[America/New_York]",2024-12-15,53.2978825584571,3.2978825584571,1173645,"Minor Violations","03:14 AM","East Palestine, OH"
"2024-12-16T01:32:26.414-05:00[America/New_York]",2024-12-16,12.9762488294201,-37.0237511705799,1174944,"Operating Within Limits","20:36 PM","East Palestine, OH"
"2024-12-16T10:16:29.319-05:00[America/New_York]",2024-12-16,35.3272450395408,-14.6727549604592,1175555,"Operating Within Limits","05:20 AM","East Palestine, OH"
"2024-12-16T10:36:29.833-05:00[America/New_York]",2024-12-16,32.4755908620826,-17.5244091379174,1175661,"Operating Within Limits","05:40 AM","East Palestine, OH"
"2024-12-16T14:40:06.68-05:00[America/New_York]",2024-12-16,44.8174726627901,-5.1825273372099,1176000,"Operating Within Limits","09:44 AM","East Palestine, OH"
"2024-12-17T07:57:33.078-05:00[America/New_York]",2024-12-17,43.3622669617439,-6.6377330382561,1177496,"Operating Within Limits","03:01 AM","East Palestine, OH"
"2024-12-17T14:21:37.066-05:00[America/New_York]",2024-12-17,42.3091020493091,-7.6908979506909,1178066,"Operating Within Limits","09:25 AM","East Palestine, OH"
"2024-12-19T07:48:08.033-05:00[America/New_York]",2024-12-19,47.6278704917089,-2.3721295082911,1181853,"Operating Within Limits","02:52 AM","East Palestine, OH"
"2024-12-20T08:42:14.384-05:00[America/New_York]",2024-12-20,37.947848401775,-12.052151598225,1184250,"Operating Within Limits","03:46 AM","East Palestine, OH"
"2024-12-20T14:05:58.861-05:00[America/New_York]",2024-12-20,65.6740448666867,15.6740448666867,1184855,"Severe Violations of Safety Codes","09:09 AM","East Palestine, OH"
"2024-12-21T09:09:23.157-05:00[America/New_York]",2024-12-21,57.6587202009345,7.6587202009345,1186475,"Minor Violations","04:13 AM","East Palestine, OH"
"2024-12-21T15:35:45.373-05:00[America/New_York]",2024-12-21,33.2118158080541,-16.7881841919459,1186954,"Operating Within Limits","10:39 AM","East Palestine, OH"
"2024-12-22T18:24:37.795-05:00[America/New_York]",2024-12-22,31.118170312153,-18.881829687847,1188855,"Operating Within Limits","13:28 PM","East Palestine, OH"
"2024-12-23T10:30:26.44-05:00[America/New_York]",2024-12-23,60.6225791835159,10.6225791835159,1190154,"Severe Violations of Safety Codes","05:34 AM","East Palestine, OH"
"2024-12-23T12:45:56.159-05:00[America/New_York]",2024-12-23,48.8494341976804,-1.1505658023196,1190295,"Operating Within Limits","07:49 AM","East Palestine, OH"
"2024-12-23T14:47:39.37-05:00[America/New_York]",2024-12-23,61.9470796945325,11.9470796945325,1190453,"Severe Violations of Safety Codes","09:51 AM","East Palestine, OH"
"2024-12-24T08:52:28.533-05:00[America/New_York]",2024-12-24,44.9569711691319,-5.0430288308681,1191878,"Operating Within Limits","03:56 AM","East Palestine, OH"
"2024-12-24T09:47:09.375-05:00[America/New_York]",2024-12-24,55.8616143943498,5.8616143943498,1191987,"Minor Violations","04:51 AM","East Palestine, OH"
"2024-12-25T23:07:02.062-05:00[America/New_York]",2024-12-25,33.9658048094302,-16.0341951905698,1194163,"Operating Within Limits","18:11 PM","East Palestine, OH"
"2024-12-26T20:46:34.584-05:00[America/New_York]",2024-12-26,63.7361340288679,13.7361340288679,1195548,"Severe Violations of Safety Codes","15:50 PM","East Palestine, OH"
"2024-12-27T09:00:11.231-05:00[America/New_York]",2024-12-27,56.4152093046659,6.4152093046659,1196484,"Minor Violations","04:04 AM","East Palestine, OH"
"2024-12-27T09:01:50.831-05:00[America/New_York]",2024-12-27,18.8609401036147,-31.1390598963853,1196385,"Operating Within Limits","04:05 AM","East Palestine, OH"
"2024-12-27T14:30:42.109-05:00[America/New_York]",2024-12-27,48.6641951320865,-1.3358048679135,1196930,"Operating Within Limits","09:34 AM","East Palestine, OH"
"2024-12-28T09:31:55.445-05:00[America/New_York]",2024-12-28,54.3838985072406,4.3838985072406,1198453,"Minor Violations","04:35 AM","East Palestine, OH"
"2024-12-29T09:05:29.807-05:00[America/New_York]",2024-12-29,47.9624506320391,-2.0375493679609,1200291,"Operating Within Limits","04:09 AM","East Palestine, OH"
"2024-12-29T14:56:19.68-05:00[America/New_York]",2024-12-29,52.389541795721,2.389541795721,1200725,"Minor Violations","10:00 AM","East Palestine, OH"
"2024-12-30T06:46:04.621-05:00[America/New_York]",2024-12-30,39.6081895326601,-10.3918104673399,1201976,"Operating Within Limits","01:50 AM","East Palestine, OH"
"2024-12-30T20:46:30.832-05:00[America/New_York]",2024-12-30,54.2409179163836,4.2409179163836,1203178,"Minor Violations","15:50 PM","East Palestine, OH"
"2024-12-31T01:32:29.916-05:00[America/New_York]",2024-12-31,44.8460675299844,-5.1539324700156,1203602,"Operating Within Limits","20:36 PM","East Palestine, OH"
"2024-12-31T08:56:27.5-05:00[America/New_York]",2024-12-31,47.7670838588528,-2.2329161411472,1204180,"Operating Within Limits","04:00 AM","East Palestine, OH"
"2025-01-01T00:09:50.577-05:00[America/New_York]",2025-01-01,52.3219651900643,2.3219651900643,1205716,"Minor Violations","19:13 PM","East Palestine, OH"
"2025-01-01T13:21:28.928-05:00[America/New_York]",2025-01-01,43.5492201072049,-6.4507798927951,1206531,"Operating Within Limits","08:25 AM","East Palestine, OH"
"2025-01-02T06:00:02.715-05:00[America/New_York]",2025-01-02,62.5877839584287,12.5877839584287,1207695,"Severe Violations of Safety Codes","01:04 AM","East Palestine, OH"
"2025-01-02T14:55:52.998-05:00[America/New_York]",2025-01-02,40.8378722882877,-9.1621277117123,1208395,"Operating Within Limits","09:59 AM","East Palestine, OH"
"2025-01-04T02:57:26.361-05:00[America/New_York]",2025-01-04,49.5772163118864,-0.422783688113597,1211132,"Operating Within Limits","22:01 PM","East Palestine, OH"
"2025-01-04T08:02:49.223-05:00[America/New_York]",2025-01-04,44.9824357993085,-5.0175642006915,1211702,"Operating Within Limits","03:06 AM","East Palestine, OH"
"2025-01-04T09:52:06.487-05:00[America/New_York]",2025-01-04,55.2800879762657,5.2800879762657,1211854,"Minor Violations","04:56 AM","East Palestine, OH"
"2025-01-05T12:41:54.25-05:00[America/New_York]",2025-01-05,53.1591248879796,3.1591248879796,1213791,"Minor Violations","07:45 AM","East Palestine, OH"
"2025-01-05T13:10:12.729-05:00[America/New_York]",2025-01-05,42.0895909849121,-7.9104090150879,1213778,"Operating Within Limits","08:14 AM","East Palestine, OH"
"2025-01-05T19:40:39.002-05:00[America/New_York]",2025-01-05,7.86636477268039,-42.1336352273196,1214227,"Operating Within Limits","14:44 PM","East Palestine, OH"
"2025-01-06T12:09:30.814-05:00[America/New_York]",2025-01-06,46.2877943650884,-3.7122056349116,1215580,"Operating Within Limits","07:13 AM","East Palestine, OH"
"2025-01-06T14:44:18.892-05:00[America/New_York]",2025-01-06,20.8749355150157,-29.1250644849843,1215791,"Operating Within Limits","09:48 AM","East Palestine, OH"
"2025-01-06T18:41:07.31-05:00[America/New_York]",2025-01-06,55.769613956509,5.769613956509,1216236,"Minor Violations","13:45 PM","East Palestine, OH"
"2025-01-07T12:24:43.974-05:00[America/New_York]",2025-01-07,43.4657108190838,-6.5342891809162,1217627,"Operating Within Limits","07:28 AM","East Palestine, OH"
"2025-01-07T14:25:20.918-05:00[America/New_York]",2025-01-07,50.0211095438664,0.0211095438664017,1217762,"Minor Violations","09:29 AM","East Palestine, OH"
"2025-01-08T00:36:56.052-05:00[America/New_York]",2025-01-08,44.9502888521838,-5.0497111478162,1218817,"Operating Within Limits","19:40 PM","East Palestine, OH"
"2025-01-08T09:40:55.133-05:00[America/New_York]",2025-01-08,44.5718320188069,-5.4281679811931,1219318,"Operating Within Limits","04:44 AM","East Palestine, OH"
"2025-01-09T09:37:42.409-05:00[America/New_York]",2025-01-09,37.9168009494189,-12.0831990505811,1221599,"Operating Within Limits","04:41 AM","East Palestine, OH"
"2025-01-09T15:45:51.139-05:00[America/New_York]",2025-01-09,38.5776516909688,-11.4223483090312,1222240,"Operating Within Limits","10:49 AM","East Palestine, OH"
"2025-01-09T23:19:06.875-05:00[America/New_York]",2025-01-09,48.3408363416879,-1.6591636583121,1223050,"Operating Within Limits","18:23 PM","East Palestine, OH"
"2025-01-10T02:53:02.204-05:00[America/New_York]",2025-01-10,55.4682319524604,5.4682319524604,1223343,"Minor Violations","21:57 PM","East Palestine, OH"
"2025-01-10T04:29:31.553-05:00[America/New_York]",2025-01-10,32.2211916465971,-17.7788083534029,1223338,"Operating Within Limits","23:33 PM","East Palestine, OH"
"2025-01-10T08:21:45.444-05:00[America/New_York]",2025-01-10,42.6790522507317,-7.3209477492683,1223716,"Operating Within Limits","03:25 AM","East Palestine, OH"
"2025-01-10T10:43:47.497-05:00[America/New_York]",2025-01-10,55.264830190036,5.264830190036,1224004,"Minor Violations","05:47 AM","East Palestine, OH"
"2025-01-11T12:12:53.367-05:00[America/New_York]",2025-01-11,42.3982998436924,-7.6017001563076,1226051,"Operating Within Limits","07:16 AM","East Palestine, OH"
"2025-01-11T12:16:10.067-05:00[America/New_York]",2025-01-11,59.7023485549021,9.7023485549021,1226082,"Minor Violations","07:20 AM","East Palestine, OH"
"2025-01-11T19:18:43.752-05:00[America/New_York]",2025-01-11,35.4140850442845,-14.5859149557155,1226648,"Operating Within Limits","14:22 PM","East Palestine, OH"
"2025-01-12T02:20:11.034-05:00[America/New_York]",2025-01-12,40.9975575745528,-9.0024424254472,1227184,"Operating Within Limits","21:24 PM","East Palestine, OH"
"2025-01-12T08:35:31.343-05:00[America/New_York]",2025-01-12,43.2786393858359,-6.7213606141641,1227599,"Operating Within Limits","03:39 AM","East Palestine, OH"
"2025-01-13T05:43:04.074-05:00[America/New_York]",2025-01-13,48.5703735362999,-1.4296264637001,1229264,"Operating Within Limits","00:47 AM","East Palestine, OH"
"2025-01-13T07:17:31.813-05:00[America/New_York]",2025-01-13,57.9125260519153,7.9125260519153,1229462,"Minor Violations","02:21 AM","East Palestine, OH"
"2025-01-13T11:11:51.924-05:00[America/New_York]",2025-01-13,47.1435334113102,-2.8564665886898,1229789,"Operating Within Limits","06:15 AM","East Palestine, OH"
"2025-01-13T15:20:05.138-05:00[America/New_York]",2025-01-13,36.6402816871925,-13.3597183128075,1230140,"Operating Within Limits","10:24 AM","East Palestine, OH"
"2025-01-13T23:30:27.699-05:00[America/New_York]",2025-01-13,58.2012399219852,8.2012399219852,1230900,"Minor Violations","18:34 PM","East Palestine, OH"
"2025-01-14T07:53:29.017-05:00[America/New_York]",2025-01-14,42.6978388108094,-7.3021611891906,1231531,"Operating Within Limits","02:57 AM","East Palestine, OH"
"2025-01-14T12:20:45.785-05:00[America/New_York]",2025-01-14,53.0766956243028,3.0766956243028,1231988,"Minor Violations","07:24 AM","East Palestine, OH"
"2025-01-14T12:33:50.06-05:00[America/New_York]",2025-01-14,44.8923415827162,-5.1076584172838,1231951,"Operating Within Limits","07:37 AM","East Palestine, OH"
"2025-01-14T13:02:10.175-05:00[America/New_York]",2025-01-14,54.4549367030671,4.4549367030671,1232056,"Minor Violations","08:06 AM","East Palestine, OH"
"2025-01-14T14:28:49.904-05:00[America/New_York]",2025-01-14,61.1255346084029,11.1255346084029,1232172,"Severe Violations of Safety Codes","09:32 AM","East Palestine, OH"
"2025-01-15T12:55:00.968-05:00[America/New_York]",2025-01-15,44.1355030241666,-5.8644969758334,1234126,"Operating Within Limits","07:58 AM","East Palestine, OH"
"2025-01-16T03:28:18.021-05:00[America/New_York]",2025-01-16,59.8825716424179,9.8825716424179,1235523,"Minor Violations","22:32 PM","East Palestine, OH"
"2025-01-16T14:39:38.436-05:00[America/New_York]",2025-01-16,61.0119267087702,11.0119267087702,1236496,"Severe Violations of Safety Codes","09:43 AM","East Palestine, OH"
"2025-01-17T05:12:53.841-05:00[America/New_York]",2025-01-17,40.0343609739359,-9.9656390260641,1237752,"Operating Within Limits","00:16 AM","East Palestine, OH"
"2025-01-17T07:54:15.731-05:00[America/New_York]",2025-01-17,54.3019599331674,4.3019599331674,1238024,"Minor Violations","02:58 AM","East Palestine, OH"
"2025-01-17T08:13:59.645-05:00[America/New_York]",2025-01-17,62.5297348569098,12.5297348569098,1238057,"Severe Violations of Safety Codes","03:17 AM","East Palestine, OH"
"2025-01-17T08:28:50.137-05:00[America/New_York]",2025-01-17,57.5405442568171,7.5405442568171,1238076,"Minor Violations","03:32 AM","East Palestine, OH"
"2025-01-17T09:36:04.942-05:00[America/New_York]",2025-01-17,36.5760228176552,-13.4239771823448,1238160,"Operating Within Limits","04:40 AM","East Palestine, OH"
"2025-01-17T22:56:39.63-05:00[America/New_York]",2025-01-17,48.3471459899546,-1.6528540100454,1239398,"Operating Within Limits","18:00 PM","East Palestine, OH"
"2025-01-18T12:10:34.874-05:00[America/New_York]",2025-01-18,58.0681549319415,8.0681549319415,1240382,"Minor Violations","07:14 AM","East Palestine, OH"
"2025-01-18T17:51:48.35-05:00[America/New_York]",2025-01-18,58.6898548738942,8.6898548738942,1240868,"Minor Violations","12:55 PM","East Palestine, OH"
"2025-01-18T22:37:47.364-05:00[America/New_York]",2025-01-18,58.847210013421,8.847210013421,1241269,"Minor Violations","17:41 PM","East Palestine, OH"
"2025-01-19T09:15:09.024-05:00[America/New_York]",2025-01-19,64.3946170069463,14.3946170069463,1241903,"Severe Violations of Safety Codes","04:19 AM","East Palestine, OH"
"2025-01-19T14:38:51.577-05:00[America/New_York]",2025-01-19,41.4182546987471,-8.5817453012529,1242260,"Operating Within Limits","09:42 AM","East Palestine, OH"
"2025-01-20T09:42:29.13-05:00[America/New_York]",2025-01-20,41.6376330207194,-8.3623669792806,1243749,"Operating Within Limits","04:46 AM","East Palestine, OH"
"2025-01-20T13:19:31.109-05:00[America/New_York]",2025-01-20,8.57145514514916,-41.4285448548508,1244130,"Operating Within Limits","08:23 AM","East Palestine, OH"
"2025-01-20T13:43:15.025-05:00[America/New_York]",2025-01-20,55.172083662284,5.172083662284,1244108,"Minor Violations","08:47 AM","East Palestine, OH"
"2025-01-20T22:24:49.489-05:00[America/New_York]",2025-01-20,39.4338551796317,-10.5661448203683,1245036,"Operating Within Limits","17:28 PM","East Palestine, OH"
"2025-01-21T01:55:28.667-05:00[America/New_York]",2025-01-21,52.515448204709,2.515448204709,1245257,"Minor Violations","20:59 PM","East Palestine, OH"
"2025-01-21T12:24:13.746-05:00[America/New_York]",2025-01-21,44.8241679128474,-5.1758320871526,1246056,"Operating Within Limits","07:28 AM","East Palestine, OH"
"2025-01-21T15:00:09.698-05:00[America/New_York]",2025-01-21,45.9637761337522,-4.0362238662478,1246289,"Operating Within Limits","10:04 AM","East Palestine, OH"
"2025-01-22T15:05:59.758-05:00[America/New_York]",2025-01-22,54.6845845366962,4.6845845366962,1248352,"Minor Violations","10:09 AM","East Palestine, OH"
"2025-01-24T06:03:11.461-05:00[America/New_York]",2025-01-24,5.76063059401396,-44.239369405986,1251328,"Operating Within Limits","01:07 AM","East Palestine, OH"
"2025-01-24T16:54:38.113-05:00[America/New_York]",2025-01-24,56.6521636445457,6.6521636445457,1252537,"Minor Violations","11:58 AM","East Palestine, OH"
"2025-01-24T17:28:50.991-05:00[America/New_York]",2025-01-24,47.0561621528602,-2.9438378471398,1252562,"Operating Within Limits","12:32 PM","East Palestine, OH"
"2025-01-24T20:13:32.172-05:00[America/New_York]",2025-01-24,41.4563522699472,-8.5436477300528,1252829,"Operating Within Limits","15:17 PM","East Palestine, OH"
"2025-01-25T08:16:40.212-05:00[America/New_York]",2025-01-25,59.2099508606734,9.2099508606734,1253730,"Minor Violations","03:20 AM","East Palestine, OH"
"2025-01-25T12:24:12.049-05:00[America/New_York]",2025-01-25,54.4048612530525,4.4048612530525,1254026,"Minor Violations","07:28 AM","East Palestine, OH"
"2025-01-26T07:23:34.17-05:00[America/New_York]",2025-01-26,62.1010532709993,12.1010532709993,1255449,"Severe Violations of Safety Codes","02:27 AM","East Palestine, OH"
"2025-01-26T08:40:23.936-05:00[America/New_York]",2025-01-26,38.1383350490571,-11.8616649509429,1255503,"Operating Within Limits","03:44 AM","East Palestine, OH"
"2025-01-26T14:17:04.334-05:00[America/New_York]",2025-01-26,43.1653435188367,-6.8346564811633,1255835,"Operating Within Limits","09:21 AM","East Palestine, OH"
"2025-01-26T15:39:53.067-05:00[America/New_York]",2025-01-26,46.7516819986717,-3.2483180013283,1255940,"Operating Within Limits","10:43 AM","East Palestine, OH"
"2025-01-27T08:33:54.357-05:00[America/New_York]",2025-01-27,58.1383372931401,8.1383372931401,1257233,"Minor Violations","03:37 AM","East Palestine, OH"
"2025-01-27T09:36:10.062-05:00[America/New_York]",2025-01-27,34.6179737500383,-15.3820262499617,1257264,"Operating Within Limits","04:40 AM","East Palestine, OH"
"2025-01-27T15:11:33.13-05:00[America/New_York]",2025-01-27,41.405584849373,-8.594415150627,1257881,"Operating Within Limits","10:15 AM","East Palestine, OH"
"2025-01-28T11:43:05.644-05:00[America/New_York]",2025-01-28,50.7687398925433,0.768739892543302,1259563,"Minor Violations","06:47 AM","East Palestine, OH"
"2025-01-28T12:46:20.176-05:00[America/New_York]",2025-01-28,60.8249653353232,10.8249653353232,1259631,"Severe Violations of Safety Codes","07:50 AM","East Palestine, OH"
"2025-01-28T14:26:54.507-05:00[America/New_York]",2025-01-28,53.6306466162331,3.6306466162331,1259715,"Minor Violations","09:30 AM","East Palestine, OH"
"2025-01-29T01:34:08.611-05:00[America/New_York]",2025-01-29,55.6189772976242,5.6189772976242,1260744,"Minor Violations","20:38 PM","East Palestine, OH"
"2025-01-29T08:28:24.659-05:00[America/New_York]",2025-01-29,44.3558008337159,-5.6441991662841,1261193,"Operating Within Limits","03:32 AM","East Palestine, OH"
"2025-01-29T12:26:46.044-05:00[America/New_York]",2025-01-29,43.4046604959903,-6.5953395040097,1261585,"Operating Within Limits","07:30 AM","East Palestine, OH"
"2025-01-29T14:47:46.383-05:00[America/New_York]",2025-01-29,33.8891747968713,-16.1108252031287,1261737,"Operating Within Limits","09:51 AM","East Palestine, OH"
"2025-01-30T06:10:30.875-05:00[America/New_York]",2025-01-30,51.7768865605058,1.7768865605058,1263287,"Minor Violations","01:14 AM","East Palestine, OH"
"2025-01-30T16:05:17.063-05:00[America/New_York]",2025-01-30,38.3121046868246,-11.6878953131754,1264146,"Operating Within Limits","11:09 AM","East Palestine, OH"
"2025-01-31T01:43:42.38-05:00[America/New_York]",2025-01-31,51.9324637912327,1.9324637912327,1265028,"Minor Violations","20:47 PM","East Palestine, OH"
"2025-01-31T05:35:00.419-05:00[America/New_York]",2025-01-31,47.7885758560049,-2.2114241439951,1265289,"Operating Within Limits","00:38 AM","East Palestine, OH"
"2025-01-31T06:12:25.173-05:00[America/New_York]",2025-01-31,57.5919476208318,7.5919476208318,1265360,"Minor Violations","01:16 AM","East Palestine, OH"
"2025-01-31T10:03:23.014-05:00[America/New_York]",2025-01-31,46.5784969859946,-3.4215030140054,1265687,"Operating Within Limits","05:07 AM","East Palestine, OH"
"2025-02-01T07:18:15.497-05:00[America/New_York]",2025-02-01,59.1429175344076,9.1429175344076,1267495,"Minor Violations","02:22 AM","East Palestine, OH"
"2025-02-01T14:15:21.459-05:00[America/New_York]",2025-02-01,42.6279104619451,-7.3720895380549,1268033,"Operating Within Limits","09:19 AM","East Palestine, OH"
"2025-02-01T23:28:22.352-05:00[America/New_York]",2025-02-01,43.1460859438807,-6.8539140561193,1268702,"Operating Within Limits","18:32 PM","East Palestine, OH"
"2025-02-02T00:20:28.497-05:00[America/New_York]",2025-02-02,60.6066199627797,10.6066199627797,1268776,"Severe Violations of Safety Codes","19:24 PM","East Palestine, OH"
"2025-02-02T02:33:33.583-05:00[America/New_York]",2025-02-02,37.5445192980008,-12.4554807019992,1268818,"Operating Within Limits","21:37 PM","East Palestine, OH"
"2025-02-02T11:07:19.805-05:00[America/New_York]",2025-02-02,48.4312747843563,-1.5687252156437,1269625,"Operating Within Limits","06:11 AM","East Palestine, OH"
"2025-02-02T18:16:44.749-05:00[America/New_York]",2025-02-02,54.1203685236466,4.1203685236466,1270240,"Minor Violations","13:20 PM","East Palestine, OH"
"2025-02-04T05:10:53.843-05:00[America/New_York]",2025-02-04,61.0230906945337,11.0230906945337,1273042,"Severe Violations of Safety Codes","00:14 AM","East Palestine, OH"
"2025-02-04T16:40:10.374-05:00[America/New_York]",2025-02-04,43.5818208627674,-6.4181791372326,1273998,"Operating Within Limits","11:44 AM","East Palestine, OH"
"2025-02-04T17:32:33.815-05:00[America/New_York]",2025-02-04,46.2757369980881,-3.7242630019119,1274113,"Operating Within Limits","12:36 PM","East Palestine, OH"
"2025-02-05T06:44:20.592-05:00[America/New_York]",2025-02-05,47.8332343597073,-2.1667656402927,1275174,"Operating Within Limits","01:48 AM","East Palestine, OH"
"2025-02-05T07:54:59.413-05:00[America/New_York]",2025-02-05,45.3111498013738,-4.6888501986262,1275230,"Operating Within Limits","02:58 AM","East Palestine, OH"
"2025-02-05T23:38:59.521-05:00[America/New_York]",2025-02-05,64.4292612245353,14.4292612245353,1276845,"Severe Violations of Safety Codes","18:42 PM","East Palestine, OH"
"2025-02-06T00:56:04.747-05:00[America/New_York]",2025-02-06,60.3515564669149,10.3515564669149,1276938,"Severe Violations of Safety Codes","20:00 PM","East Palestine, OH"
"2025-02-06T08:51:45.795-05:00[America/New_York]",2025-02-06,21.7253852001014,-28.2746147998986,1277551,"Operating Within Limits","03:55 AM","East Palestine, OH"
"2025-02-06T11:23:14-05:00[America/New_York]",2025-02-06,54.2339507821025,4.2339507821025,1277874,"Minor Violations",NA,"East Palestine, OH"
"2025-02-07T11:50:08.7-05:00[America/New_York]",2025-02-07,62.9773241570473,12.9773241570473,1280095,"Severe Violations of Safety Codes","06:54 AM","East Palestine, OH"
"2025-02-08T02:27:07.812-05:00[America/New_York]",2025-02-08,36.454483001494,-13.545516998506,1281364,"Operating Within Limits","21:31 PM","East Palestine, OH"
"2025-02-08T09:53:46.101-05:00[America/New_York]",2025-02-08,35.783854554309,-14.216145445691,1281824,"Operating Within Limits","04:57 AM","East Palestine, OH"
"2025-02-08T15:24:37.158-05:00[America/New_York]",2025-02-08,51.4515414756241,1.4515414756241,1282279,"Minor Violations","10:28 AM","East Palestine, OH"
"2025-02-09T16:30:15.753-05:00[America/New_York]",2025-02-09,43.5938472029554,-6.4061527970446,1284097,"Operating Within Limits","11:34 AM","East Palestine, OH"
"2025-02-10T05:13:03.301-05:00[America/New_York]",2025-02-10,36.6522752191795,-13.3477247808205,1285043,"Operating Within Limits","00:17 AM","East Palestine, OH"
"2025-02-10T12:41:00.477-05:00[America/New_York]",2025-02-10,39.7137949724465,-10.2862050275535,1285653,"Operating Within Limits","07:44 AM","East Palestine, OH"
"2025-02-10T15:31:23.54-05:00[America/New_York]",2025-02-10,34.2848019219492,-15.7151980780508,1285871,"Operating Within Limits","10:35 AM","East Palestine, OH"
"2025-02-10T20:49:59.846-05:00[America/New_York]",2025-02-10,61.9459693492266,11.9459693492266,1286468,"Severe Violations of Safety Codes","15:53 PM","East Palestine, OH"
"2025-02-11T06:21:46.245-05:00[America/New_York]",2025-02-11,55.7576376318958,5.7576376318958,1287118,"Minor Violations","01:25 AM","East Palestine, OH"
"2025-02-11T09:30:37.919-05:00[America/New_York]",2025-02-11,43.6291540001398,-6.3708459998602,1287366,"Operating Within Limits","04:34 AM","East Palestine, OH"
"2025-02-12T17:30:17.519-05:00[America/New_York]",2025-02-12,51.1457100284589,1.1457100284589,1290241,"Minor Violations","12:34 PM","East Palestine, OH"
"2025-02-13T00:35:02.896-05:00[America/New_York]",2025-02-13,41.9933215546035,-8.0066784453965,1290791,"Operating Within Limits","19:39 PM","East Palestine, OH"
"2025-02-13T06:27:24.89-05:00[America/New_York]",2025-02-13,70.3180253266786,20.3180253266786,1291157,"Severe Violations of Safety Codes","01:31 AM","East Palestine, OH"
"2025-02-13T15:58:34.379-05:00[America/New_York]",2025-02-13,46.5062808482293,-3.4937191517707,1291951,"Operating Within Limits","11:02 AM","East Palestine, OH"
"2025-02-13T20:21:52.372-05:00[America/New_York]",2025-02-13,60.7035285901823,10.7035285901823,1292408,"Severe Violations of Safety Codes","15:25 PM","East Palestine, OH"
"2025-02-14T07:14:04.092-05:00[America/New_York]",2025-02-14,53.7265527461189,3.7265527461189,1293295,"Minor Violations","02:18 AM","East Palestine, OH"
"2025-02-14T07:41:55.531-05:00[America/New_York]",2025-02-14,47.1972404622219,-2.8027595377781,1293330,"Operating Within Limits","02:45 AM","East Palestine, OH"
"2025-02-14T18:53:44.876-05:00[America/New_York]",2025-02-14,42.9681590270128,-7.0318409729872,1294308,"Operating Within Limits","13:57 PM","East Palestine, OH"
"2025-02-15T00:45:16.705-05:00[America/New_York]",2025-02-15,39.1420876388266,-10.8579123611734,1294833,"Operating Within Limits","19:49 PM","East Palestine, OH"
"2025-02-16T00:51:17.467-05:00[America/New_York]",2025-02-16,11.8515370481939,-38.1484629518061,1296338,"Operating Within Limits","19:55 PM","East Palestine, OH"
"2025-02-16T14:09:36.979-05:00[America/New_York]",2025-02-16,43.5773654272988,-6.4226345727012,1297438,"Operating Within Limits","09:13 AM","East Palestine, OH"
"2025-02-16T16:10:30.343-05:00[America/New_York]",2025-02-16,49.1647049688289,-0.8352950311711,1297561,"Operating Within Limits","11:14 AM","East Palestine, OH"
"2025-02-17T00:21:20.878-05:00[America/New_York]",2025-02-17,30.7297329669384,-19.2702670330616,1298145,"Operating Within Limits","19:25 PM","East Palestine, OH"
"2025-02-17T09:19:35.181-05:00[America/New_York]",2025-02-17,58.523708006292,8.523708006292,1298687,"Minor Violations","04:23 AM","East Palestine, OH"
"2025-02-17T10:37:25.439-05:00[America/New_York]",2025-02-17,39.5127812808834,-10.4872187191166,1298752,"Operating Within Limits","05:41 AM","East Palestine, OH"
"2025-02-17T16:29:05.949-05:00[America/New_York]",2025-02-17,26.8083688066588,-23.1916311933412,1299231,"Operating Within Limits","11:33 AM","East Palestine, OH"
"2025-02-17T18:12:02.011-05:00[America/New_York]",2025-02-17,57.6366816660457,7.6366816660457,1299359,"Minor Violations","13:16 PM","East Palestine, OH"
"2025-02-17T23:08:13.781-05:00[America/New_York]",2025-02-17,40.2043775515178,-9.7956224484822,1299762,"Operating Within Limits","18:12 PM","East Palestine, OH"
"2025-02-18T12:26:00.107-05:00[America/New_York]",2025-02-18,50.316619909888,0.316619909887997,1300658,"Minor Violations","07:29 AM","East Palestine, OH"
"2025-02-18T19:44:15.168-05:00[America/New_York]",2025-02-18,18.6866520424288,-31.3133479575712,1301260,"Operating Within Limits","14:48 PM","East Palestine, OH"
"2025-02-19T02:43:58.581-05:00[America/New_York]",2025-02-19,56.8447141213317,6.8447141213317,1301857,"Minor Violations","21:47 PM","East Palestine, OH"
"2025-02-19T04:51:55.623-05:00[America/New_York]",2025-02-19,60.6309324347403,10.6309324347403,1301997,"Severe Violations of Safety Codes","23:55 PM","East Palestine, OH"
"2025-02-19T07:08:35.561-05:00[America/New_York]",2025-02-19,50.3055764537986,0.305576453798601,1302092,"Minor Violations","02:12 AM","East Palestine, OH"
"2025-02-19T14:10:18.232-05:00[America/New_York]",2025-02-19,41.7304905275131,-8.2695094724869,1302664,"Operating Within Limits","09:14 AM","East Palestine, OH"
"2025-02-20T20:16:10.766-05:00[America/New_York]",2025-02-20,62.1356389407503,12.1356389407503,1305358,"Severe Violations of Safety Codes","15:20 PM","East Palestine, OH"
"2025-02-21T09:57:33.805-05:00[America/New_York]",2025-02-21,44.2363789393074,-5.7636210606926,1306302,"Operating Within Limits","05:01 AM","East Palestine, OH"
"2025-02-21T22:55:38.151-05:00[America/New_York]",2025-02-21,56.8763704774584,6.8763704774584,1307648,"Minor Violations","17:59 PM","East Palestine, OH"
"2025-02-22T00:34:48.461-05:00[America/New_York]",2025-02-22,48.1720616261152,-1.8279383738848,1307784,"Operating Within Limits","19:38 PM","East Palestine, OH"
"2025-02-22T05:04:50.938-05:00[America/New_York]",2025-02-22,54.4669272071466,4.4669272071466,1308133,"Minor Violations","00:08 AM","East Palestine, OH"
"2025-02-22T05:54:16.426-05:00[America/New_York]",2025-02-22,57.4938947780295,7.4938947780295,1308177,"Minor Violations","00:58 AM","East Palestine, OH"
"2025-02-22T13:01:47.665-05:00[America/New_York]",2025-02-22,49.1689367847359,-0.831063215264102,1308659,"Operating Within Limits","08:05 AM","East Palestine, OH"
"2025-02-23T04:32:30.548-05:00[America/New_York]",2025-02-23,58.5871231004572,8.5871231004572,1309908,"Minor Violations","23:36 PM","East Palestine, OH"
"2025-02-23T08:37:56.114-05:00[America/New_York]",2025-02-23,38.9446043502748,-11.0553956497252,1310104,"Operating Within Limits","03:41 AM","East Palestine, OH"
"2025-02-24T11:34:16.357-05:00[America/New_York]",2025-02-24,39.5448988625487,-10.4551011374513,1312146,"Operating Within Limits","06:38 AM","East Palestine, OH"
"2025-02-24T11:47:37.857-05:00[America/New_York]",2025-02-24,45.638479684076,-4.361520315924,1312223,"Operating Within Limits","06:51 AM","East Palestine, OH"
"2025-02-25T23:46:34.995-05:00[America/New_York]",2025-02-25,57.8032457379969,7.8032457379969,1315444,"Minor Violations","18:50 PM","East Palestine, OH"
"2025-02-26T07:08:25.329-05:00[America/New_York]",2025-02-26,49.786601827217,-0.213398172783002,1315982,"Operating Within Limits","02:12 AM","East Palestine, OH"
"2025-02-26T10:04:51.606-05:00[America/New_York]",2025-02-26,37.6995617390809,-12.3004382609191,1316213,"Operating Within Limits","05:08 AM","East Palestine, OH"
"2025-02-26T22:10:09.793-05:00[America/New_York]",2025-02-26,61.5093790310694,11.5093790310694,1317463,"Severe Violations of Safety Codes","17:14 PM","East Palestine, OH"
"2025-02-27T13:18:54.116-05:00[America/New_York]",2025-02-27,51.458858840102,1.458858840102,1318807,"Minor Violations","08:22 AM","East Palestine, OH"
"2025-02-27T18:48:55.758-05:00[America/New_York]",2025-02-27,43.1068792100385,-6.8931207899615,1319368,"Operating Within Limits","13:52 PM","East Palestine, OH"
"2025-02-28T02:50:45.259-05:00[America/New_York]",2025-02-28,60.551256794631,10.551256794631,1320096,"Severe Violations of Safety Codes","21:54 PM","East Palestine, OH"
"2025-02-28T16:13:23.462-05:00[America/New_York]",2025-02-28,36.2326154493953,-13.7673845506047,1321237,"Operating Within Limits","11:17 AM","East Palestine, OH"
"2025-03-01T14:51:00.111-05:00[America/New_York]",2025-03-01,41.3029886370663,-8.6970113629337,1323011,"Operating Within Limits","09:54 AM","East Palestine, OH"
"2025-03-01T15:32:32.224-05:00[America/New_York]",2025-03-01,37.9861286659653,-12.0138713340347,1323074,"Operating Within Limits","10:36 AM","East Palestine, OH"
"2025-03-02T06:31:02.659-05:00[America/New_York]",2025-03-02,62.6345543012518,12.6345543012518,1324205,"Severe Violations of Safety Codes","01:35 AM","East Palestine, OH"
"2025-03-02T08:02:04.134-05:00[America/New_York]",2025-03-02,60.5096229841451,10.5096229841451,1324299,"Severe Violations of Safety Codes","03:06 AM","East Palestine, OH"
"2025-03-02T09:44:42.224-05:00[America/New_York]",2025-03-02,40.0854960748714,-9.9145039251286,1324366,"Operating Within Limits","04:48 AM","East Palestine, OH"
"2025-03-03T08:45:13.057-05:00[America/New_York]",2025-03-03,49.2217907938023,-0.778209206197701,1326242,"Operating Within Limits","03:49 AM","East Palestine, OH"
"2025-03-03T11:02:11.992-05:00[America/New_York]",2025-03-03,56.6789412309427,6.6789412309427,1326496,"Minor Violations","06:06 AM","East Palestine, OH"
"2025-03-04T02:18:45.709-05:00[America/New_York]",2025-03-04,45.7236629302657,-4.2763370697343,1327750,"Operating Within Limits","21:22 PM","East Palestine, OH"
"2025-03-04T08:36:30.007-05:00[America/New_York]",2025-03-04,48.1461613018367,-1.8538386981633,1328269,"Operating Within Limits","03:40 AM","East Palestine, OH"
"2025-03-05T06:39:24.862-05:00[America/New_York]",2025-03-05,41.9334910295734,-8.0665089704266,1330204,"Operating Within Limits","01:43 AM","East Palestine, OH"
"2025-03-06T06:18:04.232-05:00[America/New_York]",2025-03-06,57.7192550540298,7.7192550540298,1332454,"Minor Violations","01:22 AM","East Palestine, OH"
"2025-03-06T10:02:47.804-05:00[America/New_York]",2025-03-06,35.3110206985206,-14.6889793014794,1332767,"Operating Within Limits","05:06 AM","East Palestine, OH"
"2025-03-06T19:57:39.339-05:00[America/New_York]",2025-03-06,42.6715757673222,-7.3284242326778,1333795,"Operating Within Limits","15:01 PM","East Palestine, OH"
"2025-03-07T08:04:07.073-05:00[America/New_York]",2025-03-07,54.7316525015143,4.7316525015143,1334809,"Minor Violations","03:08 AM","East Palestine, OH"
"2025-03-08T10:30:35.657-05:00[America/New_York]",2025-03-08,48.8733816040505,-1.1266183959495,1336722,"Operating Within Limits","05:34 AM","East Palestine, OH"
"2025-03-08T15:27:18.348-05:00[America/New_York]",2025-03-08,31.3869440051419,-18.6130559948581,1337057,"Operating Within Limits","10:31 AM","East Palestine, OH"
"2025-03-08T18:29:24.214-05:00[America/New_York]",2025-03-08,43.1354656083497,-6.8645343916503,1337270,"Operating Within Limits","13:33 PM","East Palestine, OH"
"2025-03-09T04:40:04.057-04:00[America/New_York]",2025-03-09,35.0250523733985,-14.9749476266015,1337886,"Operating Within Limits","23:44 PM","East Palestine, OH"
"2025-03-09T14:53:05.669-04:00[America/New_York]",2025-03-09,52.432899792128,2.432899792128,1338517,"Minor Violations","09:57 AM","East Palestine, OH"
"2025-03-09T15:55:37.766-04:00[America/New_York]",2025-03-09,40.0139873134664,-9.9860126865336,1338544,"Operating Within Limits","10:59 AM","East Palestine, OH"
